Scenario,Round,Type,L2_Norm,Cosine_Sim,Weight
FedAvg,0,Benign,4.9961095,0.2145791,0.1
FedAvg,0,Benign,4.9860115,0.21289507,0.1
FedAvg,0,Benign,4.985871,0.20348778,0.1
FedAvg,0,Benign,4.9908247,0.27566162,0.1
FedAvg,0,Benign,4.996382,0.20971635,0.1
FedAvg,0,Benign,4.9987693,0.21136308,0.1
FedAvg,0,Benign,4.9780545,0.27711394,0.1
FedAvg,0,Benign,5.004735,0.21135499,0.1
FedAvg,0,Benign,4.990438,0.20932767,0.1
FedAvg,0,Malicious,684.7982,-0.021520272,0.1
FedAvg,1,Benign,5.014334,0.14958003,0.1
FedAvg,1,Benign,5.036696,0.14974739,0.1
FedAvg,1,Benign,5.0139437,0.14687,0.1
FedAvg,1,Benign,5.020756,0.14768638,0.1
FedAvg,1,Benign,5.04692,0.2083042,0.1
FedAvg,1,Benign,5.0182743,0.20866404,0.1
FedAvg,1,Benign,5.028586,0.15105931,0.1
FedAvg,1,Malicious,648.3424,0.5393292,0.1
FedAvg,1,Malicious,648.34375,0.5393321,0.1
FedAvg,1,Malicious,648.3363,0.5393187,0.1
FedAvg,2,Benign,6.853116,0.34947133,0.1
FedAvg,2,Benign,5.854588,0.26479983,0.1
FedAvg,2,Benign,6.529898,0.37570083,0.1
FedAvg,2,Benign,6.437202,0.32526153,0.1
FedAvg,2,Benign,6.461772,0.32846266,0.1
FedAvg,2,Benign,6.57119,0.3693064,0.1
FedAvg,2,Malicious,649.42645,0.47915027,0.1
FedAvg,2,Malicious,649.41364,0.4791327,0.1
FedAvg,2,Malicious,649.414,0.47914064,0.1
FedAvg,2,Malicious,649.4104,0.47914582,0.1
FedAvg,3,Benign,15.817492,0.69457436,0.1
FedAvg,3,Benign,15.811402,0.74685836,0.1
FedAvg,3,Benign,15.811748,0.7294874,0.1
FedAvg,3,Benign,15.800438,0.6899909,0.1
FedAvg,3,Benign,15.823225,0.56672025,0.1
FedAvg,3,Benign,15.805604,0.7820131,0.1
FedAvg,3,Benign,15.810369,0.71791506,0.1
FedAvg,3,Malicious,712.9839,-0.15188456,0.1
FedAvg,3,Malicious,712.99646,-0.15188211,0.1
FedAvg,3,Malicious,713.0015,-0.15185653,0.1
FedAvg,4,Benign,15.799363,0.6407765,0.1
FedAvg,4,Benign,15.81117,0.6035981,0.1
FedAvg,4,Benign,15.797354,0.64197886,0.1
FedAvg,4,Benign,15.805123,0.5500298,0.1
FedAvg,4,Benign,15.802163,0.6221496,0.1
FedAvg,4,Benign,15.801393,0.67413926,0.1
FedAvg,4,Malicious,676.19293,0.123263836,0.1
FedAvg,4,Malicious,676.19336,0.12325712,0.1
FedAvg,4,Malicious,676.19275,0.12325694,0.1
FedAvg,4,Malicious,676.18756,0.12326359,0.1
FedAvg,5,Benign,15.823668,0.8221407,0.1
FedAvg,5,Benign,15.781725,0.8143768,0.1
FedAvg,5,Benign,15.79906,0.7637911,0.1
FedAvg,5,Benign,15.813588,0.82220644,0.1
FedAvg,5,Benign,15.804593,0.82378304,0.1
FedAvg,5,Benign,15.80447,0.7880158,0.1
FedAvg,5,Benign,15.794761,0.79080284,0.1
FedAvg,5,Malicious,723.73834,-0.20032741,0.1
FedAvg,5,Malicious,723.74426,-0.20031789,0.1
FedAvg,5,Malicious,723.7433,-0.20032777,0.1
FedAvg,6,Benign,15.815796,0.6980065,0.1
FedAvg,6,Benign,15.814977,0.73276174,0.1
FedAvg,6,Benign,15.778124,0.68299246,0.1
FedAvg,6,Benign,15.812662,0.66643757,0.1
FedAvg,6,Benign,15.789308,0.7182174,0.1
FedAvg,6,Benign,15.794447,0.710455,0.1
FedAvg,6,Malicious,744.9489,-0.112526685,0.1
FedAvg,6,Malicious,744.9526,-0.11253718,0.1
FedAvg,6,Malicious,744.94934,-0.112534106,0.1
FedAvg,6,Malicious,744.9416,-0.112522855,0.1
FedAvg,7,Benign,15.80262,0.73183334,0.1
FedAvg,7,Benign,15.799013,0.73430955,0.1
FedAvg,7,Benign,15.807264,0.71062493,0.1
FedAvg,7,Benign,15.834223,0.73164904,0.1
FedAvg,7,Benign,15.803924,0.7237779,0.1
FedAvg,7,Benign,15.804802,0.74907124,0.1
FedAvg,7,Malicious,692.9447,0.0990599,0.1
FedAvg,7,Malicious,692.94824,0.09907143,0.1
FedAvg,7,Malicious,692.9592,0.0990785,0.1
FedAvg,7,Malicious,692.95544,0.099067986,0.1
FedAvg,8,Benign,15.808285,0.8762927,0.1
FedAvg,8,Benign,15.790304,0.87347996,0.1
FedAvg,8,Benign,15.831568,0.85829675,0.1
FedAvg,8,Benign,15.810363,0.8510832,0.1
FedAvg,8,Benign,15.802695,0.8626701,0.1
FedAvg,8,Benign,15.790159,0.87737775,0.1
FedAvg,8,Benign,15.802745,0.7977263,0.1
FedAvg,8,Malicious,729.11066,-0.13785595,0.1
FedAvg,8,Malicious,729.10315,-0.13786292,0.1
FedAvg,8,Malicious,729.1098,-0.1378724,0.1
FedAvg,9,Benign,15.812031,0.8523083,0.1
FedAvg,9,Benign,15.798793,0.80225265,0.1
FedAvg,9,Benign,15.80987,0.8326112,0.1
FedAvg,9,Benign,15.814156,0.87440646,0.1
FedAvg,9,Benign,15.819151,0.8721998,0.1
FedAvg,9,Benign,15.786652,0.872818,0.1
FedAvg,9,Benign,15.810814,0.74290323,0.1
FedAvg,9,Malicious,793.4432,-0.3658645,0.1
FedAvg,9,Malicious,793.4501,-0.36586386,0.1
FedAvg,9,Malicious,793.45685,-0.3658597,0.1
FedAvg,10,Benign,15.81819,0.86848015,0.1
FedAvg,10,Benign,15.791041,0.8543724,0.1
FedAvg,10,Benign,15.813771,0.82613766,0.1
FedAvg,10,Benign,15.801816,0.83381295,0.1
FedAvg,10,Benign,15.792433,0.8550214,0.1
FedAvg,10,Benign,15.799994,0.8416965,0.1
FedAvg,10,Benign,15.812924,0.81768566,0.1
FedAvg,10,Malicious,833.7012,-0.1166836,0.1
FedAvg,10,Malicious,833.7003,-0.116686255,0.1
FedAvg,10,Malicious,833.6985,-0.11669115,0.1
FedAvg,11,Benign,15.803563,0.7757254,0.1
FedAvg,11,Benign,15.807116,0.87291783,0.1
FedAvg,11,Benign,15.791586,0.8430481,0.1
FedAvg,11,Benign,15.806021,0.875095,0.1
FedAvg,11,Benign,15.812016,0.85063404,0.1
FedAvg,11,Benign,15.789745,0.8558257,0.1
FedAvg,11,Benign,15.81159,0.81114054,0.1
FedAvg,11,Malicious,928.95276,-0.5653786,0.1
FedAvg,11,Malicious,928.94977,-0.56538224,0.1
FedAvg,11,Malicious,928.937,-0.565377,0.1
FedAvg,12,Benign,15.796673,0.8983934,0.1
FedAvg,12,Benign,15.788433,0.8872992,0.1
FedAvg,12,Benign,15.797211,0.88039243,0.1
FedAvg,12,Benign,15.813268,0.8290678,0.1
FedAvg,12,Benign,15.805938,0.8084121,0.1
FedAvg,12,Benign,15.817484,0.8786222,0.1
FedAvg,12,Benign,15.814969,0.849267,0.1
FedAvg,12,Malicious,927.18,-0.54775405,0.1
FedAvg,12,Malicious,927.17224,-0.54775333,0.1
FedAvg,12,Malicious,927.1731,-0.54775953,0.1
FedAvg,13,Benign,15.787884,0.89142907,0.1
FedAvg,13,Benign,15.840461,0.8275503,0.1
FedAvg,13,Benign,15.792928,0.83975303,0.1
FedAvg,13,Benign,15.825412,0.795715,0.1
FedAvg,13,Benign,15.804563,0.83991885,0.1
FedAvg,13,Benign,15.799112,0.7721075,0.1
FedAvg,13,Benign,15.824724,0.84334505,0.1
FedAvg,13,Benign,15.817827,0.82567954,0.1
FedAvg,13,Malicious,783.616,-0.079346955,0.1
FedAvg,13,Malicious,783.60583,-0.0793454,0.1
FedAvg,14,Benign,15.817976,0.7432724,0.1
FedAvg,14,Benign,15.803006,0.7731546,0.1
FedAvg,14,Benign,15.817968,0.7559271,0.1
FedAvg,14,Benign,15.812453,0.71722686,0.1
FedAvg,14,Benign,15.807511,0.71920115,0.1
FedAvg,14,Benign,15.790646,0.7178592,0.1
FedAvg,14,Malicious,929.13855,-0.36592537,0.1
FedAvg,14,Malicious,929.137,-0.36592644,0.1
FedAvg,14,Malicious,929.1363,-0.36592713,0.1
FedAvg,14,Malicious,929.1352,-0.36593068,0.1
FedAvg,15,Benign,15.811835,0.66363513,0.1
FedAvg,15,Benign,15.803282,0.57272696,0.1
FedAvg,15,Benign,15.805424,0.5427888,0.1
FedAvg,15,Benign,15.821142,0.5341863,0.1
FedAvg,15,Benign,15.81702,0.7191031,0.1
FedAvg,15,Benign,15.78342,0.5745705,0.1
FedAvg,15,Malicious,725.37274,0.06583767,0.1
FedAvg,15,Malicious,725.3803,0.06583809,0.1
FedAvg,15,Malicious,725.3812,0.06585666,0.1
FedAvg,15,Malicious,725.3797,0.0658506,0.1
FedAvg,16,Benign,15.79933,0.69337964,0.1
FedAvg,16,Benign,15.81244,0.8410878,0.1
FedAvg,16,Benign,15.807984,0.86215556,0.1
FedAvg,16,Benign,15.814741,0.8581986,0.1
FedAvg,16,Benign,15.814827,0.8400903,0.1
FedAvg,16,Benign,15.814699,0.814162,0.1
FedAvg,16,Benign,15.80828,0.8194063,0.1
FedAvg,16,Malicious,699.01154,-0.26692408,0.1
FedAvg,16,Malicious,699.0216,-0.266933,0.1
FedAvg,16,Malicious,699.00793,-0.2669389,0.1
FedAvg,17,Benign,15.787161,0.7196841,0.1
FedAvg,17,Benign,15.803662,0.77290773,0.1
FedAvg,17,Benign,15.805195,0.7856643,0.1
FedAvg,17,Benign,15.779635,0.76413023,0.1
FedAvg,17,Benign,15.797291,0.73383796,0.1
FedAvg,17,Benign,15.80507,0.7895944,0.1
FedAvg,17,Malicious,803.42535,-0.16358688,0.1
FedAvg,17,Malicious,803.417,-0.16357923,0.1
FedAvg,17,Malicious,803.42316,-0.1635867,0.1
FedAvg,17,Malicious,803.42145,-0.16358271,0.1
FedAvg,18,Benign,15.814253,0.8200152,0.1
FedAvg,18,Benign,15.812103,0.7932153,0.1
FedAvg,18,Benign,15.801666,0.8687555,0.1
FedAvg,18,Benign,15.826187,0.8422079,0.1
FedAvg,18,Benign,15.784056,0.8725288,0.1
FedAvg,18,Benign,15.830413,0.8521471,0.1
FedAvg,18,Benign,15.827414,0.865513,0.1
FedAvg,18,Benign,15.812812,0.7704405,0.1
FedAvg,18,Malicious,782.15985,-0.03970086,0.1
FedAvg,18,Malicious,782.1607,-0.039697923,0.1
FedAvg,19,Benign,15.820005,-0.3770266,0.1
FedAvg,19,Benign,15.813744,-0.38876876,0.1
FedAvg,19,Benign,15.803815,-0.40862685,0.1
FedAvg,19,Benign,15.813461,-0.4282609,0.1
FedAvg,19,Benign,709.8577,0.99999315,0.1
FedAvg,19,Benign,709.8491,0.99999315,0.1
FedAvg,19,Benign,709.8499,0.9999932,0.1
FedAvg,19,Benign,709.8563,0.9999931,0.1
FedAvg,19,Benign,709.85016,0.99999326,0.1
FedAvg,19,Benign,709.8512,0.9999932,0.1
FedAvg,20,Benign,15.811194,0.7320243,0.1
FedAvg,20,Benign,15.818489,0.7272408,0.1
FedAvg,20,Benign,15.77952,0.73947275,0.1
FedAvg,20,Benign,15.805529,0.72372353,0.1
FedAvg,20,Benign,15.8067045,0.7254723,0.1
FedAvg,20,Benign,15.796903,0.7439289,0.1
FedAvg,20,Malicious,714.93494,0.073517956,0.1
FedAvg,20,Malicious,714.93854,0.073504835,0.1
FedAvg,20,Malicious,714.94556,0.07352661,0.1
FedAvg,20,Malicious,714.9504,0.07350509,0.1
FedAvg,21,Benign,15.812275,0.8612899,0.1
FedAvg,21,Benign,15.815862,0.86148787,0.1
FedAvg,21,Benign,15.813442,0.83837026,0.1
FedAvg,21,Benign,15.797238,0.8620732,0.1
FedAvg,21,Benign,15.808271,0.8373847,0.1
FedAvg,21,Benign,15.811017,0.6425296,0.1
FedAvg,21,Benign,15.824594,0.8765041,0.1
FedAvg,21,Malicious,799.0137,-0.061654866,0.1
FedAvg,21,Malicious,799.0033,-0.06164951,0.1
FedAvg,21,Malicious,799.01294,-0.06164832,0.1
FedAvg,22,Benign,15.821728,0.7293579,0.1
FedAvg,22,Benign,15.796535,0.73028743,0.1
FedAvg,22,Benign,15.829109,0.7465435,0.1
FedAvg,22,Benign,15.791283,0.6528632,0.1
FedAvg,22,Benign,15.800282,0.6933679,0.1
FedAvg,22,Benign,15.78215,0.69045365,0.1
FedAvg,22,Malicious,778.8345,0.15464881,0.1
FedAvg,22,Malicious,778.83093,0.15466222,0.1
FedAvg,22,Malicious,778.8226,0.15464914,0.1
FedAvg,22,Malicious,778.84033,0.1546515,0.1
FedAvg,23,Benign,15.813646,0.79360247,0.1
FedAvg,23,Benign,15.816605,0.88656104,0.1
FedAvg,23,Benign,15.806481,0.8761643,0.1
FedAvg,23,Benign,15.795631,0.9141059,0.1
FedAvg,23,Benign,15.810392,0.9200723,0.1
FedAvg,23,Benign,15.794345,0.8181778,0.1
FedAvg,23,Benign,15.806745,0.7986853,0.1
FedAvg,23,Benign,15.800467,0.8909672,0.1
FedAvg,23,Benign,15.80275,0.89348483,0.1
FedAvg,23,Malicious,894.1929,-0.6789789,0.1
FedAvg,24,Benign,15.800718,0.72005177,0.1
FedAvg,24,Benign,15.814569,0.74457985,0.1
FedAvg,24,Benign,15.813832,0.8256862,0.1
FedAvg,24,Benign,15.79401,0.84073347,0.1
FedAvg,24,Benign,15.807024,0.65305424,0.1
FedAvg,24,Benign,15.808827,0.8093246,0.1
FedAvg,24,Benign,15.793024,0.81833315,0.1
FedAvg,24,Malicious,774.0944,0.019445742,0.1
FedAvg,24,Malicious,774.0872,0.019427761,0.1
FedAvg,24,Malicious,774.09784,0.0194369,0.1
FedAvg,25,Benign,15.812401,0.7151344,0.1
FedAvg,25,Benign,15.809201,0.8959578,0.1
FedAvg,25,Benign,15.809749,0.8440445,0.1
FedAvg,25,Benign,15.819198,0.92034423,0.1
FedAvg,25,Benign,15.80973,0.89566344,0.1
FedAvg,25,Benign,15.809086,0.9063003,0.1
FedAvg,25,Benign,15.812028,0.75123894,0.1
FedAvg,25,Benign,15.805589,0.82624716,0.1
FedAvg,25,Benign,15.814221,0.9065868,0.1
FedAvg,25,Benign,15.802331,0.8870344,0.1
FedAvg,26,Benign,15.819353,0.86311626,0.1
FedAvg,26,Benign,15.814507,0.8815899,0.1
FedAvg,26,Benign,15.818067,0.86590135,0.1
FedAvg,26,Benign,15.814838,0.890985,0.1
FedAvg,26,Benign,15.794196,0.88387823,0.1
FedAvg,26,Benign,15.808376,0.86358523,0.1
FedAvg,26,Benign,15.815001,0.8001894,0.1
FedAvg,26,Benign,15.819401,0.8722687,0.1
FedAvg,26,Malicious,633.2789,-0.28863284,0.1
FedAvg,26,Malicious,633.27,-0.28863472,0.1
FedAvg,27,Benign,15.800102,0.8357205,0.1
FedAvg,27,Benign,15.810051,0.8182441,0.1
FedAvg,27,Benign,15.830884,0.8291566,0.1
FedAvg,27,Benign,15.804212,0.8258532,0.1
FedAvg,27,Benign,15.824102,0.7962212,0.1
FedAvg,27,Benign,15.818182,0.7215484,0.1
FedAvg,27,Malicious,809.3957,0.26156747,0.1
FedAvg,27,Malicious,809.3871,0.26157078,0.1
FedAvg,27,Malicious,809.3977,0.2615621,0.1
FedAvg,27,Malicious,809.403,0.26155663,0.1
FedAvg,28,Benign,15.809719,0.9061729,0.1
FedAvg,28,Benign,15.801855,0.9090768,0.1
FedAvg,28,Benign,15.795615,0.8973458,0.1
FedAvg,28,Benign,15.807992,0.9045626,0.1
FedAvg,28,Benign,15.796793,0.8001739,0.1
FedAvg,28,Benign,15.807794,0.9060283,0.1
FedAvg,28,Benign,15.804048,0.87991405,0.1
FedAvg,28,Malicious,942.10406,-0.6027957,0.1
FedAvg,28,Malicious,942.10736,-0.60278577,0.1
FedAvg,28,Malicious,942.1136,-0.6027856,0.1
FedAvg,29,Benign,15.801062,0.45215565,0.1
FedAvg,29,Benign,15.783567,0.50576806,0.1
FedAvg,29,Benign,15.79728,0.43859676,0.1
FedAvg,29,Benign,15.8026705,0.75621897,0.1
FedAvg,29,Benign,15.807791,0.42489225,0.1
FedAvg,29,Benign,15.795524,0.49881762,0.1
FedAvg,29,Malicious,763.1657,-0.062552646,0.1
FedAvg,29,Malicious,763.1592,-0.06254914,0.1
FedAvg,29,Malicious,763.17267,-0.06255649,0.1
FedAvg,29,Malicious,763.1586,-0.06256534,0.1
Krum,0,Benign,4.992929,0.20914403,0.2
Krum,0,Benign,4.9927073,0.20140293,0.2
Krum,0,Benign,5.0071254,0.2132496,0.0
Krum,0,Benign,5.0154753,0.20726496,0.0
Krum,0,Benign,4.9920616,0.27488813,0.0
Krum,0,Benign,4.979019,0.20961154,0.2
Krum,0,Benign,4.9987106,0.2769983,0.2
Krum,0,Benign,5.0051646,0.21924105,0.0
Krum,0,Benign,4.9848604,0.21617307,0.2
Krum,0,Malicious,674.86285,-0.02367758,0.0
Krum,1,Benign,4.984817,0.2228685,0.2
Krum,1,Benign,4.992159,0.22706902,0.2
Krum,1,Benign,4.9967723,0.0752081,0.0
Krum,1,Benign,4.989621,0.07796731,0.2
Krum,1,Benign,4.9880624,0.07522585,0.0
Krum,1,Benign,4.9957094,0.07632513,0.2
Krum,1,Benign,4.9814916,0.073993504,0.2
Krum,1,Malicious,671.3872,0.5342014,0.0
Krum,1,Malicious,671.39386,0.5342,0.0
Krum,1,Malicious,671.3954,0.5342113,0.0
Krum,2,Benign,5.0034842,0.15959482,0.0
Krum,2,Benign,5.006027,0.083400995,0.0
Krum,2,Benign,4.994971,0.07630796,0.0
Krum,2,Benign,4.984899,0.08267404,0.0
Krum,2,Benign,4.983731,0.082351394,0.2
Krum,2,Benign,4.9941707,0.15859425,0.0
Krum,2,Malicious,652.5158,0.65608305,0.2
Krum,2,Malicious,652.51685,0.6560775,0.2
Krum,2,Malicious,652.52734,0.6560888,0.2
Krum,2,Malicious,652.52527,0.6560894,0.2
Krum,3,Benign,14.922589,0.54450667,0.0
Krum,3,Benign,15.81418,0.6618135,0.2
Krum,3,Benign,15.830885,0.632342,0.2
Krum,3,Benign,15.816184,0.5744337,0.0
Krum,3,Benign,15.811094,0.6656455,0.2
Krum,3,Benign,15.811327,0.6126956,0.2
Krum,3,Benign,15.808419,0.6051032,0.2
Krum,3,Malicious,719.01746,-0.13956891,0.0
Krum,3,Malicious,719.01154,-0.13956834,0.0
Krum,3,Malicious,719.0222,-0.13957623,0.0
Krum,4,Benign,11.071081,0.39981878,0.0
Krum,4,Benign,8.179388,0.26494357,0.0
Krum,4,Benign,8.054507,0.24621236,0.0
Krum,4,Benign,9.314745,0.27736717,0.0
Krum,4,Benign,7.9039187,0.26045188,0.0
Krum,4,Benign,7.6956396,0.32297963,0.2
Krum,4,Malicious,656.1892,0.41492015,0.2
Krum,4,Malicious,656.1872,0.41492218,0.2
Krum,4,Malicious,656.1906,0.41491973,0.2
Krum,4,Malicious,656.1867,0.41492826,0.2
Krum,5,Benign,15.80705,0.76284224,0.0
Krum,5,Benign,15.811842,0.5935205,0.2
Krum,5,Benign,15.7976055,0.7929983,0.2
Krum,5,Benign,15.800957,0.54463637,0.2
Krum,5,Benign,15.820891,0.5530181,0.2
Krum,5,Benign,15.806881,0.3966175,0.0
Krum,5,Benign,15.815084,0.52096605,0.2
Krum,5,Malicious,805.09326,-0.10250077,0.0
Krum,5,Malicious,805.103,-0.10249062,0.0
Krum,5,Malicious,805.1063,-0.10249893,0.0
Krum,6,Benign,15.826908,0.55293167,0.0
Krum,6,Benign,15.806058,0.58822596,0.2
Krum,6,Benign,15.81874,0.5398004,0.0
Krum,6,Benign,15.795353,0.5126547,0.0
Krum,6,Benign,15.799774,0.5807497,0.0
Krum,6,Benign,15.79318,0.53923243,0.0
Krum,6,Malicious,662.96606,0.2103783,0.2
Krum,6,Malicious,662.97217,0.21039073,0.2
Krum,6,Malicious,662.96716,0.2103706,0.2
Krum,6,Malicious,662.9611,0.21038163,0.2
Krum,7,Benign,15.820774,0.49700043,0.0
Krum,7,Benign,15.819376,0.3740365,0.0
Krum,7,Benign,15.810057,0.42075706,0.0
Krum,7,Benign,15.804439,0.60447276,0.0
Krum,7,Benign,15.802365,0.43393278,0.0
Krum,7,Benign,15.807423,0.4615135,0.2
Krum,7,Malicious,885.8257,-0.019377643,0.2
Krum,7,Malicious,885.82764,-0.019366654,0.2
Krum,7,Malicious,885.83765,-0.019361658,0.2
Krum,7,Malicious,885.8324,-0.01936892,0.2
Krum,8,Benign,15.807863,0.8527837,0.2
Krum,8,Benign,15.808525,0.8532681,0.2
Krum,8,Benign,15.791536,0.85655427,0.2
Krum,8,Benign,15.790375,0.7729312,0.0
Krum,8,Benign,15.817197,0.84859836,0.2
Krum,8,Benign,15.81884,0.85641205,0.2
Krum,8,Benign,15.820639,0.13231978,0.0
Krum,8,Malicious,737.7065,-0.17226608,0.0
Krum,8,Malicious,737.70245,-0.17227238,0.0
Krum,8,Malicious,737.7045,-0.17226647,0.0
Krum,9,Benign,15.814248,0.85091186,0.2
Krum,9,Benign,15.800613,0.7549508,0.0
Krum,9,Benign,15.788192,0.84711003,0.2
Krum,9,Benign,15.829007,0.86103785,0.2
Krum,9,Benign,15.793605,0.8559716,0.2
Krum,9,Benign,15.804859,0.8618028,0.2
Krum,9,Benign,15.809226,0.759106,0.0
Krum,9,Malicious,704.8605,-0.070199385,0.0
Krum,9,Malicious,704.87146,-0.070196286,0.0
Krum,9,Malicious,704.8636,-0.0702065,0.0
Krum,10,Benign,15.809736,0.76154196,0.0
Krum,10,Benign,15.814842,0.85751617,0.2
Krum,10,Benign,15.809626,0.82862747,0.2
Krum,10,Benign,15.802909,0.72525287,0.0
Krum,10,Benign,15.794899,0.7753128,0.2
Krum,10,Benign,15.821086,0.8005489,0.2
Krum,10,Benign,15.811265,0.8408344,0.2
Krum,10,Malicious,778.5497,-0.40864366,0.0
Krum,10,Malicious,778.5498,-0.40864038,0.0
Krum,10,Malicious,778.5499,-0.40863323,0.0
Krum,11,Benign,15.808444,0.70590997,0.0
Krum,11,Benign,15.817647,0.78528726,0.2
Krum,11,Benign,15.791759,0.8297324,0.2
Krum,11,Benign,15.813717,0.8658183,0.2
Krum,11,Benign,15.817854,0.8225105,0.0
Krum,11,Benign,15.811879,0.82989967,0.2
Krum,11,Benign,15.800699,0.81857806,0.2
Krum,11,Malicious,701.7975,-0.13868104,0.0
Krum,11,Malicious,701.7812,-0.13868114,0.0
Krum,11,Malicious,701.7851,-0.1386678,0.0
Krum,12,Benign,15.80494,0.89284325,0.2
Krum,12,Benign,15.81685,0.8712895,0.2
Krum,12,Benign,15.8078165,0.87498397,0.2
Krum,12,Benign,15.808171,0.8272191,0.2
Krum,12,Benign,15.784417,0.6524362,0.0
Krum,12,Benign,15.809325,0.851259,0.2
Krum,12,Benign,15.814998,0.81855434,0.0
Krum,12,Malicious,747.3368,0.035290435,0.0
Krum,12,Malicious,747.3378,0.03527799,0.0
Krum,12,Malicious,747.3346,0.03529281,0.0
Krum,13,Benign,15.798788,0.8779824,0.2
Krum,13,Benign,15.799511,0.7509155,0.0
Krum,13,Benign,15.7950535,0.61460394,0.0
Krum,13,Benign,15.796591,0.87174726,0.2
Krum,13,Benign,15.812186,0.83722234,0.2
Krum,13,Benign,15.8016,0.7514108,0.0
Krum,13,Benign,15.803868,0.82573694,0.2
Krum,13,Benign,15.8031,0.78250825,0.2
Krum,13,Malicious,722.18414,-0.052893285,0.0
Krum,13,Malicious,722.19806,-0.052895963,0.0
Krum,14,Benign,15.80263,0.77606034,0.0
Krum,14,Benign,15.795903,0.71821713,0.2
Krum,14,Benign,15.8153,0.76224047,0.0
Krum,14,Benign,15.800221,0.69742936,0.0
Krum,14,Benign,15.808208,0.6833278,0.0
Krum,14,Benign,15.806373,0.6922809,0.0
Krum,14,Malicious,851.78015,-0.2587194,0.2
Krum,14,Malicious,851.77496,-0.25872615,0.2
Krum,14,Malicious,851.76953,-0.25872815,0.2
Krum,14,Malicious,851.77026,-0.25871944,0.2
Krum,15,Benign,15.798721,0.70578253,0.0
Krum,15,Benign,15.8037195,0.5956854,0.0
Krum,15,Benign,15.815951,0.60194767,0.0
Krum,15,Benign,15.809676,0.6781129,0.0
Krum,15,Benign,15.815022,0.65364623,0.0
Krum,15,Benign,15.816642,0.6753584,0.2
Krum,15,Malicious,696.8979,0.041391246,0.2
Krum,15,Malicious,696.90076,0.041390754,0.2
Krum,15,Malicious,696.90344,0.04137995,0.2
Krum,15,Malicious,696.9023,0.041370187,0.2
Krum,16,Benign,15.804218,0.72299886,0.0
Krum,16,Benign,15.825908,0.8310213,0.2
Krum,16,Benign,15.800751,0.79099137,0.2
Krum,16,Benign,15.796396,0.83691883,0.2
Krum,16,Benign,15.798944,0.4504549,0.0
Krum,16,Benign,15.8136635,0.77185106,0.2
Krum,16,Benign,15.820558,0.80799305,0.2
Krum,16,Malicious,735.2295,-0.34293666,0.0
Krum,16,Malicious,735.228,-0.34294456,0.0
Krum,16,Malicious,735.2325,-0.34293205,0.0
Krum,17,Benign,15.800363,0.8030292,0.0
Krum,17,Benign,15.825566,0.71798563,0.0
Krum,17,Benign,15.811516,0.76064646,0.2
Krum,17,Benign,15.822524,0.7493578,0.0
Krum,17,Benign,15.813121,0.73354614,0.0
Krum,17,Benign,15.8025465,0.8143849,0.0
Krum,17,Malicious,858.1808,-0.3124721,0.2
Krum,17,Malicious,858.1729,-0.31247535,0.2
Krum,17,Malicious,858.1783,-0.31247538,0.2
Krum,17,Malicious,858.1744,-0.31249043,0.2
Krum,18,Benign,15.814073,0.032539107,0.0
Krum,18,Benign,15.801303,0.4565483,0.2
Krum,18,Benign,15.81119,0.23047124,0.2
Krum,18,Benign,15.811595,0.42015037,0.0
Krum,18,Benign,15.796636,0.29626587,0.2
Krum,18,Benign,15.802425,0.28118846,0.2
Krum,18,Benign,15.805189,0.29625788,0.2
Krum,18,Benign,15.810957,0.3213819,0.0
Krum,18,Malicious,711.8914,-0.0944915,0.0
Krum,18,Malicious,711.88904,-0.09450255,0.0
Krum,19,Benign,15.825731,-0.26777345,0.0
Krum,19,Benign,15.813993,-0.2814406,0.0
Krum,19,Benign,15.800046,-0.13276583,0.0
Krum,19,Benign,15.8211355,-0.27285427,0.0
Krum,19,Benign,680.8558,0.9999924,0.2
Krum,19,Benign,680.86035,0.99999225,0.2
Krum,19,Benign,680.86725,0.9999923,0.2
Krum,19,Benign,680.8715,0.9999924,0.2
Krum,19,Benign,680.8597,0.9999924,0.2
Krum,19,Benign,680.8673,0.9999924,0.0
Krum,20,Benign,15.814166,0.8361453,0.0
Krum,20,Benign,15.808459,0.71126735,0.0
Krum,20,Benign,15.824831,0.80706656,0.0
Krum,20,Benign,15.793124,0.7885695,0.0
Krum,20,Benign,15.796351,0.8411653,0.2
Krum,20,Benign,15.806724,0.7474199,0.0
Krum,20,Malicious,894.90717,-0.34231856,0.2
Krum,20,Malicious,894.9071,-0.34233338,0.2
Krum,20,Malicious,894.9085,-0.34233564,0.2
Krum,20,Malicious,894.9078,-0.34233,0.2
Krum,21,Benign,15.794946,0.72938186,0.2
Krum,21,Benign,15.801993,0.7946565,0.2
Krum,21,Benign,15.823159,0.73700166,0.2
Krum,21,Benign,15.807864,0.7920505,0.2
Krum,21,Benign,15.835037,0.795292,0.0
Krum,21,Benign,15.825923,0.62481594,0.0
Krum,21,Benign,15.814359,0.8367317,0.2
Krum,21,Malicious,786.79517,-0.3447784,0.0
Krum,21,Malicious,786.8027,-0.3447749,0.0
Krum,21,Malicious,786.81,-0.34477448,0.0
Krum,22,Benign,15.794145,0.65144426,0.0
Krum,22,Benign,15.7973585,0.45868212,0.0
Krum,22,Benign,15.816191,0.6268406,0.0
Krum,22,Benign,15.788526,0.5989917,0.0
Krum,22,Benign,15.798428,0.34021467,0.0
Krum,22,Benign,15.817124,0.63075,0.2
Krum,22,Malicious,770.387,-0.032158963,0.2
Krum,22,Malicious,770.395,-0.032159455,0.2
Krum,22,Malicious,770.3961,-0.03216142,0.2
Krum,22,Malicious,770.3858,-0.032150485,0.2
Krum,23,Benign,4.983117,0.12257932,0.0
Krum,23,Benign,15.796429,0.04269255,0.0
Krum,23,Benign,15.819227,0.6397358,0.2
Krum,23,Benign,15.797363,0.5698769,0.2
Krum,23,Benign,15.8139925,0.5638253,0.2
Krum,23,Benign,15.804452,0.4114355,0.0
Krum,23,Benign,15.825452,0.07014355,0.0
Krum,23,Benign,15.824637,0.6614425,0.2
Krum,23,Benign,15.832374,0.66261625,0.2
Krum,23,Malicious,723.4908,-0.29226327,0.0
Krum,24,Benign,15.801724,0.3919409,0.2
Krum,24,Benign,15.807112,0.52246356,0.2
Krum,24,Benign,15.801231,0.38068408,0.2
Krum,24,Benign,15.802198,0.5750426,0.2
Krum,24,Benign,15.806659,0.30572954,0.2
Krum,24,Benign,15.794974,0.04804089,0.0
Krum,24,Benign,15.82402,0.08992258,0.0
Krum,24,Malicious,760.6439,0.08005667,0.0
Krum,24,Malicious,760.64966,0.080054104,0.0
Krum,24,Malicious,760.6585,0.08003917,0.0
Krum,25,Benign,15.807929,0.61953545,0.0
Krum,25,Benign,15.817259,0.36348525,0.0
Krum,25,Benign,15.8000345,0.79810625,0.2
Krum,25,Benign,15.796337,0.59071094,0.2
Krum,25,Benign,15.825243,0.806642,0.2
Krum,25,Benign,15.8223915,0.54833007,0.2
Krum,25,Benign,15.792052,0.7540065,0.2
Krum,25,Benign,15.809371,0.399748,0.0
Krum,25,Benign,15.797541,0.63160515,0.0
Krum,25,Benign,15.805951,0.1318914,0.0
Krum,26,Benign,15.803793,0.8586582,0.2
Krum,26,Benign,15.807722,0.8645813,0.2
Krum,26,Benign,15.837819,0.8134467,0.2
Krum,26,Benign,15.823613,0.7151624,0.0
Krum,26,Benign,15.79971,0.7219976,0.2
Krum,26,Benign,15.822231,0.78635085,0.0
Krum,26,Benign,15.806885,0.3508106,0.0
Krum,26,Benign,15.81038,0.8566053,0.2
Krum,26,Malicious,789.0781,-0.15711117,0.0
Krum,26,Malicious,789.07837,-0.1571222,0.0
Krum,27,Benign,15.796213,0.721344,0.0
Krum,27,Benign,15.819017,0.37351593,0.0
Krum,27,Benign,15.810623,0.787425,0.2
Krum,27,Benign,15.801263,0.064412504,0.0
Krum,27,Benign,15.808865,0.7114783,0.0
Krum,27,Benign,15.815692,0.14320171,0.0
Krum,27,Malicious,765.2956,0.17405945,0.2
Krum,27,Malicious,765.3109,0.17404696,0.2
Krum,27,Malicious,765.30585,0.17406425,0.2
Krum,27,Malicious,765.29474,0.17406228,0.2
Krum,28,Benign,15.807218,0.63070047,0.2
Krum,28,Benign,15.794861,0.41897845,0.2
Krum,28,Benign,15.815394,0.2587791,0.0
Krum,28,Benign,15.824836,0.67001,0.2
Krum,28,Benign,15.790204,0.022013636,0.0
Krum,28,Benign,15.80034,0.5573159,0.2
Krum,28,Benign,15.800642,0.29521525,0.2
Krum,28,Malicious,729.7121,0.12764452,0.0
Krum,28,Malicious,729.71014,0.12764227,0.0
Krum,28,Malicious,729.7105,0.12765083,0.0
Krum,29,Benign,15.814957,0.4500403,0.0
Krum,29,Benign,15.818883,0.36430883,0.0
Krum,29,Benign,15.803824,0.3224804,0.0
Krum,29,Benign,15.812041,0.10145127,0.0
Krum,29,Benign,15.813856,0.14177543,0.0
Krum,29,Benign,15.817126,0.22191758,0.2
Krum,29,Malicious,727.7714,0.23142207,0.2
Krum,29,Malicious,727.7724,0.23142405,0.2
Krum,29,Malicious,727.7722,0.2314121,0.2
Krum,29,Malicious,727.7725,0.2314201,0.2
R-JORA,0,Benign,735.0838,0.24140581,0.10005784034729004
R-JORA,0,Benign,736.0503,0.25252402,0.10019722580909729
R-JORA,0,Benign,736.1277,0.25444975,0.10022224485874176
R-JORA,0,Benign,735.2128,0.24342191,0.10008349269628525
R-JORA,0,Benign,735.53467,0.24688965,0.10012676566839218
R-JORA,0,Benign,735.4419,0.24377374,0.10008610039949417
R-JORA,0,Benign,736.8015,0.24054709,0.10003076493740082
R-JORA,0,Benign,735.0138,0.24693015,0.10013207048177719
R-JORA,0,Benign,735.96295,0.24062811,0.10003948956727982
R-JORA,0,Malicious,2935.1648,0.38312927,0.09902402758598328
R-JORA,1,Benign,734.33057,0.47749007,0.10050562024116516
R-JORA,1,Benign,733.5216,0.05539621,0.09459155797958374
R-JORA,1,Benign,735.63245,0.47901833,0.10055667161941528
R-JORA,1,Benign,734.3403,0.056482375,0.09440557658672333
R-JORA,1,Benign,736.40875,0.05433844,0.09442401677370071
R-JORA,1,Benign,734.7639,0.48050576,0.10053721815347672
R-JORA,1,Malicious,2303.2563,0.9195385,0.10374518483877182
R-JORA,1,Malicious,2303.2588,0.91953856,0.103744737803936
R-JORA,1,Malicious,2303.2646,0.9195366,0.10374456644058228
R-JORA,1,Malicious,2303.2588,0.9195374,0.10374481230974197
R-JORA,2,Benign,734.20685,0.21770748,0.10433480888605118
R-JORA,2,Benign,734.44244,0.21055874,0.10381034016609192
R-JORA,2,Benign,736.34515,0.21097535,0.10380105674266815
R-JORA,2,Benign,2234.7437,0.24785209,0.09829045832157135
R-JORA,2,Benign,2224.3826,0.25385416,0.0983291044831276
R-JORA,2,Benign,2236.1257,0.2561928,0.0982314795255661
R-JORA,2,Benign,2235.2236,0.2524569,0.09829962253570557
R-JORA,2,Benign,2227.012,0.2536791,0.09807240962982178
R-JORA,2,Benign,2227.8123,0.25384334,0.09828300029039383
R-JORA,2,Benign,2233.8862,0.2528363,0.09854770451784134
R-JORA,3,Benign,734.89966,0.17691755,0.09807702898979187
R-JORA,3,Benign,737.5163,0.17207041,0.09810232371091843
R-JORA,3,Benign,733.6014,0.17934625,0.09819406270980835
R-JORA,3,Benign,736.218,0.5023613,0.10286705940961838
R-JORA,3,Benign,734.3929,0.50045884,0.10272479057312012
R-JORA,3,Benign,734.02386,0.17796756,0.09803036600351334
R-JORA,3,Benign,734.3331,0.17457682,0.09812302887439728
R-JORA,3,Benign,736.32947,0.17576988,0.09813693910837173
R-JORA,3,Malicious,2739.463,0.7232157,0.1028720885515213
R-JORA,3,Malicious,2739.469,0.72321683,0.1028723493218422
R-JORA,4,Benign,737.94653,0.24444327,0.10091473162174225
R-JORA,4,Benign,735.638,0.24095583,0.10128830373287201
R-JORA,4,Benign,736.56964,0.2428822,0.10126781463623047
R-JORA,4,Benign,733.6153,0.24452496,0.10086693614721298
R-JORA,4,Benign,735.8422,0.24291456,0.10105876624584198
R-JORA,4,Benign,734.5403,0.24380133,0.10100889205932617
R-JORA,4,Malicious,2225.336,0.24845228,0.09849503636360168
R-JORA,4,Malicious,2234.5847,0.25237113,0.09833026677370071
R-JORA,4,Malicious,2232.685,0.2467075,0.09854461997747421
R-JORA,4,Malicious,2227.9062,0.24517724,0.09822472184896469
R-JORA,5,Benign,736.0886,0.2181808,0.09911259263753891
R-JORA,5,Benign,735.7573,0.21933882,0.09926621615886688
R-JORA,5,Benign,736.97546,0.22024164,0.09910193830728531
R-JORA,5,Benign,737.60443,0.34873146,0.10120806097984314
R-JORA,5,Benign,737.1549,0.22455148,0.09925108402967453
R-JORA,5,Benign,734.82275,0.22172289,0.09908875823020935
R-JORA,5,Benign,736.5358,0.33685058,0.10133858770132065
R-JORA,5,Benign,734.4526,0.22130156,0.09920915216207504
R-JORA,5,Benign,733.7508,0.34357584,0.10102680325508118
R-JORA,5,Malicious,2411.4949,0.57573426,0.1013968214392662
R-JORA,6,Benign,735.5226,0.12250687,0.09597896039485931
R-JORA,6,Benign,733.22156,0.55564034,0.10242579877376556
R-JORA,6,Benign,738.1659,0.1155677,0.09595285356044769
R-JORA,6,Benign,732.933,0.11883578,0.09606310725212097
R-JORA,6,Benign,736.49384,0.5525054,0.10250299423933029
R-JORA,6,Benign,736.32306,0.11842963,0.09579210728406906
R-JORA,6,Benign,735.56586,0.116090946,0.09604262560606003
R-JORA,6,Malicious,2726.65,0.83093345,0.10508066415786743
R-JORA,6,Malicious,2726.6516,0.83093476,0.10508033633232117
R-JORA,6,Malicious,2726.656,0.8309356,0.10508059710264206
R-JORA,7,Benign,736.093,0.24365138,0.10107013583183289
R-JORA,7,Benign,737.1096,0.24437094,0.10127489268779755
R-JORA,7,Benign,735.869,0.23858956,0.10134580731391907
R-JORA,7,Benign,737.043,0.24106756,0.10128124803304672
R-JORA,7,Benign,736.2681,0.24713233,0.10123498737812042
R-JORA,7,Benign,2229.9626,0.25051075,0.09881220757961273
R-JORA,7,Benign,2229.9644,0.2511197,0.0986265167593956
R-JORA,7,Benign,2226.082,0.24635386,0.09872608631849289
R-JORA,7,Benign,2226.75,0.24850453,0.09884552657604218
R-JORA,7,Benign,2229.6572,0.24502602,0.09878253936767578
R-JORA,8,Benign,736.5369,0.24351272,0.1008639708161354
R-JORA,8,Benign,734.17365,0.24289873,0.10090190917253494
R-JORA,8,Benign,735.1347,0.24563095,0.10114548355340958
R-JORA,8,Benign,737.5771,0.24083471,0.10130313783884048
R-JORA,8,Benign,735.2677,0.24176493,0.101163350045681
R-JORA,8,Benign,734.28485,0.24557492,0.10127852112054825
R-JORA,8,Malicious,2226.8867,0.25014585,0.0983201116323471
R-JORA,8,Malicious,2233.3628,0.24730307,0.09850436449050903
R-JORA,8,Malicious,2228.8325,0.24621019,0.09809556603431702
R-JORA,8,Malicious,2229.911,0.24827862,0.09842368960380554
R-JORA,9,Benign,732.36523,0.11819008,0.09610844403505325
R-JORA,9,Benign,734.6144,0.1182628,0.0963825210928917
R-JORA,9,Benign,737.87415,0.11625548,0.09585683792829514
R-JORA,9,Benign,734.71484,0.58549714,0.10300175845623016
R-JORA,9,Benign,734.29846,0.5862781,0.10333365947008133
R-JORA,9,Benign,734.6816,0.11823754,0.09570769220590591
R-JORA,9,Benign,736.30334,0.11041978,0.09594796597957611
R-JORA,9,Malicious,2705.6902,0.8432323,0.10455373674631119
R-JORA,9,Malicious,2705.6729,0.84323525,0.10455353558063507
R-JORA,9,Malicious,2705.682,0.84323263,0.10455384105443954
R-JORA,10,Benign,734.7887,0.2388758,0.10091584920883179
R-JORA,10,Benign,734.66113,0.24809128,0.10113286972045898
R-JORA,10,Benign,736.61444,0.24502261,0.10112055391073227
R-JORA,10,Benign,737.41,0.24127409,0.10078100860118866
R-JORA,10,Benign,734.2218,0.24170083,0.101448193192482
R-JORA,10,Benign,736.1381,0.24779326,0.10099896788597107
R-JORA,10,Malicious,2230.1204,0.24613369,0.09839548915624619
R-JORA,10,Malicious,2233.867,0.24758592,0.09823840111494064
R-JORA,10,Malicious,2234.9495,0.24927714,0.09856434166431427
R-JORA,10,Malicious,2226.7756,0.24854976,0.09840439260005951
R-JORA,11,Benign,736.49005,0.24122131,0.10119198262691498
R-JORA,11,Benign,733.413,0.23811257,0.10092474520206451
R-JORA,11,Benign,735.5227,0.24075323,0.10114052146673203
R-JORA,11,Benign,734.3569,0.24141127,0.10095145553350449
R-JORA,11,Benign,736.5975,0.24626294,0.10115766525268555
R-JORA,11,Benign,734.82007,0.2434106,0.10123781859874725
R-JORA,11,Malicious,2228.845,0.24751244,0.0981728658080101
R-JORA,11,Malicious,2232.7434,0.2466722,0.09822221100330353
R-JORA,11,Malicious,2231.1885,0.24936862,0.09828153997659683
R-JORA,11,Malicious,2234.061,0.2509166,0.09871923923492432
R-JORA,12,Benign,733.9747,0.24228457,0.10109101235866547
R-JORA,12,Benign,735.46844,0.24453217,0.10125607997179031
R-JORA,12,Benign,736.2054,0.24704361,0.10088755190372467
R-JORA,12,Benign,735.8367,0.23660657,0.1008903756737709
R-JORA,12,Benign,735.0636,0.24250776,0.10129599273204803
R-JORA,12,Benign,734.28143,0.23909132,0.1011710986495018
R-JORA,12,Malicious,2227.2034,0.24692391,0.09841806441545486
R-JORA,12,Malicious,2236.582,0.25070596,0.09833329170942307
R-JORA,12,Malicious,2229.537,0.25148517,0.09844286739826202
R-JORA,12,Malicious,2230.9294,0.24638224,0.09821361303329468
R-JORA,13,Benign,735.42816,0.11306381,0.09624087065458298
R-JORA,13,Benign,735.6837,0.45333904,0.10089007765054703
R-JORA,13,Benign,735.04266,0.10856569,0.09575287252664566
R-JORA,13,Benign,736.10657,0.11396612,0.09598623961210251
R-JORA,13,Benign,736.6777,0.4510067,0.10070674121379852
R-JORA,13,Benign,736.41656,0.11107528,0.09570222347974777
R-JORA,13,Benign,735.37756,0.44951802,0.10077622532844543
R-JORA,13,Malicious,2299.284,0.8539907,0.10464822500944138
R-JORA,13,Malicious,2299.2913,0.8539913,0.10464832186698914
R-JORA,13,Malicious,2299.297,0.85399115,0.10464825481176376
R-JORA,14,Benign,735.1093,0.2227652,0.10379491746425629
R-JORA,14,Benign,734.65173,0.225296,0.10346529632806778
R-JORA,14,Benign,735.14355,0.22289951,0.10348986834287643
R-JORA,14,Benign,737.04944,0.22673829,0.10397247970104218
R-JORA,14,Benign,2236.1052,0.25586706,0.09754014760255814
R-JORA,14,Benign,2224.107,0.25278667,0.09766916185617447
R-JORA,14,Benign,2231.2627,0.2570568,0.09760595113039017
R-JORA,14,Benign,2231.6108,0.24977738,0.09750856459140778
R-JORA,14,Benign,2225.5283,0.25286305,0.09776123613119125
R-JORA,14,Benign,2235.009,0.25014344,0.09719239175319672
R-JORA,15,Benign,734.60974,0.11958242,0.09660311788320541
R-JORA,15,Benign,734.4243,0.121056914,0.09624335169792175
R-JORA,15,Benign,736.4812,0.12043207,0.09635087847709656
R-JORA,15,Benign,734.91547,0.5642053,0.10273368656635284
R-JORA,15,Benign,736.128,0.12293326,0.09617339819669724
R-JORA,15,Benign,736.06415,0.5639107,0.10306039452552795
R-JORA,15,Benign,734.3384,0.118672416,0.09593033045530319
R-JORA,15,Malicious,2752.7144,0.83491695,0.10430150479078293
R-JORA,15,Malicious,2752.7073,0.8349186,0.1043015643954277
R-JORA,15,Malicious,2752.7012,0.83491945,0.10430174320936203
R-JORA,16,Benign,735.8725,0.014310291,0.09116344898939133
R-JORA,16,Benign,735.67285,0.011215431,0.0909176915884018
R-JORA,16,Benign,734.76416,0.65029603,0.097897008061409
R-JORA,16,Benign,733.5706,0.64724326,0.09823153913021088
R-JORA,16,Benign,735.10626,0.010961083,0.09097830206155777
R-JORA,16,Benign,2746.1743,0.97297525,0.10616237670183182
R-JORA,16,Benign,2746.1707,0.9729743,0.10616245120763779
R-JORA,16,Benign,2746.1785,0.9729745,0.10616225004196167
R-JORA,16,Benign,2746.1748,0.97297436,0.10616233199834824
R-JORA,16,Benign,2746.1716,0.9729744,0.10616261512041092
R-JORA,17,Benign,735.1693,0.18498446,0.09864603728055954
R-JORA,17,Benign,733.502,0.43934882,0.10179001837968826
R-JORA,17,Benign,736.153,0.18253356,0.09873678535223007
R-JORA,17,Benign,735.8292,0.18128611,0.098541259765625
R-JORA,17,Benign,734.8194,0.18704602,0.0984356701374054
R-JORA,17,Benign,738.3379,0.18255168,0.09823383390903473
R-JORA,17,Benign,735.71326,0.4387753,0.10183443129062653
R-JORA,17,Benign,736.7466,0.18559277,0.09840106964111328
R-JORA,17,Malicious,2800.4976,0.6894171,0.10269053280353546
R-JORA,17,Malicious,2800.496,0.6894154,0.10269038379192352
R-JORA,18,Benign,736.27527,0.24320135,0.10100356489419937
R-JORA,18,Benign,734.76184,0.24572742,0.10131590068340302
R-JORA,18,Benign,735.7517,0.24103911,0.1010594367980957
R-JORA,18,Benign,735.60156,0.23872435,0.10083717852830887
R-JORA,18,Benign,736.7337,0.24189533,0.10113677382469177
R-JORA,18,Benign,735.8024,0.2440033,0.10116611421108246
R-JORA,18,Malicious,2237.5486,0.25320932,0.09841487556695938
R-JORA,18,Malicious,2224.813,0.25081074,0.09848857671022415
R-JORA,18,Malicious,2233.3042,0.24832909,0.09807998687028885
R-JORA,18,Malicious,2232.2358,0.24845147,0.09849759191274643
R-JORA,19,Benign,735.20074,0.37903708,0.10094024240970612
R-JORA,19,Benign,735.0033,0.18168053,0.09799234569072723
R-JORA,19,Benign,735.4203,0.1769374,0.09809082001447678
R-JORA,19,Benign,736.8998,0.37992233,0.10110399127006531
R-JORA,19,Benign,737.6705,0.18169542,0.09803210943937302
R-JORA,19,Benign,736.08295,0.17901689,0.09824711829423904
R-JORA,19,Benign,734.9523,0.17587301,0.09837904572486877
R-JORA,19,Benign,736.6082,0.37879148,0.10115119069814682
R-JORA,19,Malicious,2369.1238,0.72406316,0.10303141176700592
R-JORA,19,Malicious,2369.1226,0.72406596,0.10303175449371338
R-JORA,20,Benign,737.3982,0.23983684,0.10108599811792374
R-JORA,20,Benign,733.32904,0.2414522,0.10151268541812897
R-JORA,20,Benign,734.64984,0.24155226,0.1010366752743721
R-JORA,20,Benign,735.2309,0.24327913,0.10122042894363403
R-JORA,20,Benign,734.5846,0.2434617,0.10151150077581406
R-JORA,20,Benign,2227.9563,0.24929452,0.09862176328897476
R-JORA,20,Benign,2229.1648,0.2462312,0.09879080951213837
R-JORA,20,Benign,2234.9546,0.24886176,0.09864553809165955
R-JORA,20,Benign,2233.4287,0.24932829,0.09900479018688202
R-JORA,20,Benign,2231.1338,0.2505021,0.09856977313756943
R-JORA,21,Benign,735.2845,0.24719802,0.10081211477518082
R-JORA,21,Benign,734.3274,0.24185525,0.1007034108042717
R-JORA,21,Benign,734.77563,0.24541155,0.10110059380531311
R-JORA,21,Benign,733.51263,0.24621704,0.10088469833135605
R-JORA,21,Benign,734.9622,0.24293193,0.10073937475681305
R-JORA,21,Benign,737.5498,0.2451115,0.10078492760658264
R-JORA,21,Benign,735.0019,0.24271455,0.10070348531007767
R-JORA,21,Malicious,2227.936,0.24666412,0.09813527762889862
R-JORA,21,Malicious,2232.978,0.24561012,0.09814818948507309
R-JORA,21,Malicious,2232.9224,0.24821204,0.09798790514469147
R-JORA,22,Benign,737.56836,0.119577706,0.0961608961224556
R-JORA,22,Benign,735.52124,0.11977057,0.09618786722421646
R-JORA,22,Benign,738.51935,0.11849454,0.09565571695566177
R-JORA,22,Benign,737.2272,0.57701045,0.10307257622480392
R-JORA,22,Benign,734.22565,0.11785365,0.09585963189601898
R-JORA,22,Benign,736.73486,0.58023584,0.10319528728723526
R-JORA,22,Benign,735.04517,0.117529415,0.09586147218942642
R-JORA,22,Malicious,2747.5647,0.8416828,0.10466886311769485
R-JORA,22,Malicious,2747.5613,0.84168065,0.10466896742582321
R-JORA,22,Malicious,2747.557,0.84168136,0.10466869175434113
R-JORA,23,Benign,737.17444,0.17414114,0.09882061928510666
R-JORA,23,Benign,735.5585,0.17453945,0.09890171885490417
R-JORA,23,Benign,736.17883,0.17386739,0.09887430816888809
R-JORA,23,Benign,735.6967,0.17240138,0.09862170368432999
R-JORA,23,Benign,735.2611,0.5137098,0.10339252650737762
R-JORA,23,Benign,736.3165,0.16997156,0.09884282201528549
R-JORA,23,Benign,736.2881,0.5142328,0.10354140400886536
R-JORA,23,Benign,735.4976,0.17043415,0.09881366789340973
R-JORA,23,Malicious,2692.7935,0.7311471,0.10009575635194778
R-JORA,23,Malicious,2692.7878,0.73114586,0.10009557753801346
R-JORA,24,Benign,734.05206,0.17278162,0.09815625101327896
R-JORA,24,Benign,737.39124,0.17864466,0.0983053669333458
R-JORA,24,Benign,736.12744,0.17229618,0.09869267046451569
R-JORA,24,Benign,735.83813,0.49925327,0.10309872031211853
R-JORA,24,Benign,736.1813,0.17338254,0.09835392236709595
R-JORA,24,Benign,735.9238,0.49517626,0.10314082354307175
R-JORA,24,Benign,734.3907,0.17596036,0.0984731987118721
R-JORA,24,Benign,735.4449,0.17401667,0.09829622507095337
R-JORA,24,Malicious,2713.042,0.7188557,0.10174144804477692
R-JORA,24,Malicious,2713.0322,0.7188541,0.10174141079187393
R-JORA,25,Benign,736.94727,0.17440355,0.09775999933481216
R-JORA,25,Benign,734.5524,0.17585388,0.09838170558214188
R-JORA,25,Benign,733.4247,0.17192554,0.09775467216968536
R-JORA,25,Benign,735.5112,0.5157222,0.10269775241613388
R-JORA,25,Benign,733.8824,0.17152752,0.09774722158908844
R-JORA,25,Benign,736.13226,0.17540848,0.0975167378783226
R-JORA,25,Benign,734.1252,0.5133735,0.10260392725467682
R-JORA,25,Benign,736.31006,0.17285702,0.0978621318936348
R-JORA,25,Malicious,2686.4856,0.7319419,0.10383769124746323
R-JORA,25,Malicious,2686.4907,0.7319421,0.10383813828229904
R-JORA,26,Benign,734.7549,0.24510106,0.1011696606874466
R-JORA,26,Benign,736.7413,0.24142653,0.10103492438793182
R-JORA,26,Benign,737.6935,0.24033797,0.10112997889518738
R-JORA,26,Benign,736.1361,0.24216925,0.10169300436973572
R-JORA,26,Benign,736.8006,0.24072683,0.1014118641614914
R-JORA,26,Benign,2224.5535,0.24616778,0.09879930317401886
R-JORA,26,Benign,2235.1714,0.25046217,0.09870266914367676
R-JORA,26,Benign,2226.9749,0.24591431,0.09863492846488953
R-JORA,26,Benign,2224.969,0.25225306,0.09892553836107254
R-JORA,26,Benign,2230.4487,0.24886109,0.09849813580513
R-JORA,27,Benign,735.96,0.5707011,0.10280964523553848
R-JORA,27,Benign,736.0059,0.11700007,0.09609371423721313
R-JORA,27,Benign,735.4489,0.57018214,0.10303232818841934
R-JORA,27,Benign,736.01874,0.11828941,0.09612783044576645
R-JORA,27,Benign,734.9213,0.11858633,0.09649059921503067
R-JORA,27,Benign,733.036,0.12110907,0.09632831066846848
R-JORA,27,Benign,734.1958,0.12084538,0.09606374055147171
R-JORA,27,Malicious,2741.4827,0.8375608,0.10435124486684799
R-JORA,27,Malicious,2741.4683,0.83756375,0.10435127466917038
R-JORA,27,Malicious,2741.4846,0.8375613,0.10435137152671814
R-JORA,28,Benign,734.66376,0.24400991,0.1002921313047409
R-JORA,28,Benign,735.0087,0.24419054,0.10022004693746567
R-JORA,28,Benign,734.7408,0.24666962,0.10017517954111099
R-JORA,28,Benign,735.6834,0.24246444,0.10005210340023041
R-JORA,28,Benign,734.12463,0.24669343,0.10011398047208786
R-JORA,28,Benign,734.9254,0.24451935,0.10017532855272293
R-JORA,28,Benign,734.6416,0.24680555,0.10036926716566086
R-JORA,28,Benign,734.68787,0.24288285,0.10057404637336731
R-JORA,28,Benign,735.30005,0.24468204,0.10060130804777145
R-JORA,28,Malicious,2235.334,0.24965638,0.09742660820484161
R-JORA,29,Benign,733.86475,0.24302417,0.10071913152933121
R-JORA,29,Benign,735.35504,0.24340323,0.10018803179264069
R-JORA,29,Benign,733.7732,0.24364471,0.100686214864254
R-JORA,29,Benign,735.52484,0.2420623,0.10044092684984207
R-JORA,29,Benign,734.10455,0.24592358,0.10053800791501999
R-JORA,29,Benign,733.8524,0.24172969,0.10033709555864334
R-JORA,29,Benign,733.61096,0.2428886,0.10052454471588135
R-JORA,29,Benign,733.9683,0.25100833,0.1007177010178566
R-JORA,29,Malicious,2231.3916,0.2476213,0.09788011014461517
R-JORA,29,Malicious,2236.3706,0.2504726,0.09796825796365738
